{
    "rmse": 1.8658068488996817,
    "mae": 1.4377903915979644,
    "r2": 0.05954953139657271
}